Код;Имя;Группа;КодРодителя
AM18162;01. Аксессуары (Чехлы и сумки, Манипуляторы, Аудиотехника);Да;
AM18244;01. Чехлы, сумки и аксессуары к цифровой технике;Да;AM18162
AM18264;01. Чехлы и сумки для мобильных устройств;Да;AM18244
AM18225;Сумка, рюкзак для фото/видео камеры;Нет;AM18264
AM27379;Чехол - аккумулятор;Нет;AM18264
AM18259;Чехол для GSM;Нет;AM18264
AM18300;Чехол для планшета;Нет;AM18264
AM18223;Чехол для фото/видео камеры;Нет;AM18264
AM18258;Чехол для электронных книг;Нет;AM18264
AM18336;02. Батарейки, кабели и прочие аксессуары к цифровой технике;Да;AM18244
AM18337;USB хаб;Нет;AM18336
AM18216;Аксессуар для HDD;Нет;AM18336
AM18375;Батарейка/Аккумулятор;Нет;AM18336
AM18376;Зарядное устройство для аккумуляторов AA/AAA;Нет;AM18336
AM18363;Кабель;Нет;AM18336
AM18364;Коммутационное оборудование;Нет;AM18336
AM18369;Магнитный/оптический носитель;Нет;AM18336
AM18388;Память USB Flash;Нет;AM18336
AM18395;Сетевой фильтр;Нет;AM18336
AM18379;Чистящее средство;Нет;AM18336
EM05756;02. Стекла, пленки и аксессуары для моб устройств;Да;AM18162
AM18242;01. Аксессуары для мобильных устройств;Да;EM05756
AM30128;OTG аксессуары;Нет;AM18242
AM20879;Аккумулятор для мобильных устройств;Нет;AM18242
AM18304;Аксессуары прочее;Нет;AM18242
AM18308;Держатели для мобильных устройств;Нет;AM18242
AM27380;Предметы для Селфи;Нет;AM18242
AM27042;02. Стекла и пленки;Да;EM05756
AM30129;Защитное стекло для смартфонов;Нет;AM27042
AM20887;Пленка защитная для планшетов;Нет;AM27042
AM20877;Пленка защитная для смартфонов;Нет;AM27042
EM09368;Списанное стекло и пленка;Нет;AM27042
EM05851;03. Карты памяти;Да;EM05756
AM18359;Кард - ридер;Нет;EM05851
AM18243;Карта памяти (Flash);Нет;EM05851
EM05852;04. Устройства для зарядки;Да;EM05756
AM18307;Зарядные и док станции для мобильных устройств;Нет;EM05852
AM30127;Кабель для мобильных устройств;Нет;EM05852
AM20878;Портативный аккумулятор;Нет;EM05852
AM31753;03. Операторские комплекты и подарочные карты;Да;AM18162
EM06049;Подарочные карты;Да;AM31753
AM18253;Подарочная карта;Нет;EM06049
EM06050;Сим-карты и Оборудование;Да;AM31753
AM26309;Сим-карты, Data-комплекты (сим-карта + 3/4G модем);Нет;EM06050
EM06051;Страховые продукты;Да;AM31753
EM03673;Страховой продукт;Нет;EM06051
AM19032;04. Манипуляторы и аксессуары для ноутбука;Да;AM18162
AM18396;01. Манипуляторы и вебкамеры;Да;AM19032
AM30126;Bluetooth клавиатура и мышь;Нет;AM18396
AM18424;Аксессуар для манипуляторов;Нет;AM18396
AM18397;Веб-камера;Нет;AM18396
AM18399;Графический планшет;Нет;AM18396
EM10194;Клавиатура игровая;Нет;AM18396
AM18402;Клавиатура офисная;Нет;AM18396
EM10196;Коврик игровой;Нет;AM18396
AM18404;Коврик офисный;Нет;AM18396
EM10192;Мышь игровая;Нет;AM18396
AM18405;Мышь офисная;Нет;AM18396
AM18207;02. Аксессуары для ноутбуков;Да;AM19032
AM18206;Адаптер для ноутбука;Нет;AM18207
AM18202;Охлаждение для ноутбука;Нет;AM18207
AM18200;Сумки, рюкзаки, чехлы для ноутбуков;Нет;AM18207
AM19969;05. Аудио;Да;AM18162
AM20020;01. Наушники;Да;AM19969
AM18260;Моногарнитура (Bluetooth);Нет;AM20020
AM18535;Наушники вкладыши;Нет;AM20020
EM00289;Наушники игровые;Нет;AM20020
AM18324;Наушники накладные;Нет;AM20020
EM03352;Стереогарнитура (Bluetooth);Нет;AM20020
EM05762;02. Колонки и портативные аудиосистемы;Да;AM19969
AM18548;Колонки 2.0;Нет;EM05762
AM18550;Колонки 2.1;Нет;EM05762
AM18551;Колонки 5.1;Нет;EM05762
AM18552;Колонки портативные;Нет;EM05762
AM19556;Портативная аудиосистема;Нет;EM05762
AM20764;Радиобудильник;Нет;EM05762
EM63794;Радиоприемник;Нет;EM05762
AM18326;03. Микрофоны и аудио-аксессуары;Да;AM19969
AM24103;Аудио-усилители и адаптеры;Нет;AM18326
AM24104;Аудиокабели и переходники;Нет;AM18326
AM18325;Микрофон;Нет;AM18326
AM24106;Прочие аудио-аксессуары;Нет;AM18326
AM19971;04. Автозвук;Да;AM19969
AM18144;FM Трансмиттер;Нет;AM19971
AM26713;ISO-Коннектор, разъемы;Нет;AM19971
AM19346;Автомобильная акустическая система;Нет;AM19971
AM18296;Автомобильная магнитола (1DIN);Нет;AM19971
EM01197;Автомобильная магнитола (2DIN);Нет;AM19971
AM26714;Автомобильный сабвуфер;Нет;AM19971
AM26716;Автомобильный усилитель;Нет;AM19971
AM26718;Конденсатор;Нет;AM19971
AM26721;Установочный комплект;Нет;AM19971
AM26722;Шумо и виброизоляция;Нет;AM19971
EM05757;06. Аксессуары БТ, посуда;Да;AM18162
AM28879;Аксессуары для КБТ;Да;EM05757
AM30947;Аксессуары для вытяжек;Нет;AM28879
EM04721;Аксессуары для кондиционеров ;Нет;AM28879
AM19789;Аксессуары для плит и варочных поверхностей;Нет;AM28879
AM23955;Аксессуары для стиральных и посудомоечных машин;Нет;AM28879
AM23953;Аксессуары для холодильников;Нет;AM28879
AM30960;Средства для прочей техники КБТ и уходу за домом;Нет;AM28879
AM19787;Аксессуары для МБТ;Да;EM05757
AM26920;Аксессуары для аквафильтров;Нет;AM19787
AM20752;Аксессуары для бритв и эпиляторов;Нет;AM19787
AM30954;Аксессуары для зубных щеток;Нет;AM19787
AM20750;Аксессуары для мультиварок;Нет;AM19787
AM30953;Аксессуары для мясорубок и прочей техники для нарезки и смешивания;Нет;AM19787
EM04971;Аксессуары для СВЧ и прочей МБТ для жарки и подогрева;Нет;AM19787
AM21716;Аксессуары для техники по приготовлению напитков;Нет;AM19787
AM19788;Аксессуары для техники по уходу за одеждой;Нет;AM19787
AM23785;Бытовая химия МБТ;Нет;AM19787
AM26918;Гладильная Доска;Нет;AM19787
AM30955;Капсулы для кофемашин;Нет;AM19787
AM26919;Кронштейны для МБТ;Нет;AM19787
AM30958;Прочие аксессуары для пылесосов и чистящей техники;Нет;AM19787
AM30956;Пылесборники для пылесосов;Нет;AM19787
AM23157;Сушилка для белья;Нет;AM19787
AM30957;Фильтр для пылесоса;Нет;AM19787
EM06147;Фильтр проточный;Нет;AM19787
AM21592;Фильтр-кувшин;Нет;AM19787
AM24334;Посуда;Да;EM05757
AM26306;Дистиллятор;Нет;AM24334
EM00327;Кастрюля, Ковш;Нет;AM24334
EM00329;Крышка для посуды;Нет;AM24334
AM21589;Кухонная утварь;Нет;AM24334
EM03358;Лапшерезка;Нет;AM24334
EM00328;Набор посуды;Нет;AM24334
EM00324;Нож, ножницы;Нет;AM24334
EM00332;Посуда для СВЧ и хранения;Нет;AM24334
EM00325;Сковорода;Нет;AM24334
EM00326;Сотейник, Вок, Жаровня;Нет;AM24334
EM00331;Термос, Термокружка;Нет;AM24334
EM08252;Турка, Гейзерная кофеварка;Нет;AM24334
EM00333;Форма для выпекания;Нет;AM24334
AM29455;Холодильник автомобильный;Нет;AM24334
EM00330;Чайник;Нет;AM24334
EM05758;07. Видео аксессуары, аудиосистемы и освещение;Да;AM18162
AM23092;01. Аудиосистемы;Да;EM05758
EM00963;Акустические системы Hi-Fi;Нет;AM23092
EM00970;Воспроизводящие устройства аудио Hi-Fi;Нет;AM23092
AM23091;Домашние аудиосистемы;Нет;AM23092
EM04684;Домашние кинотеатры;Нет;AM23092
EM01581;Магнитолы;Нет;AM23092
EM00962;Музыкальные инструменты;Нет;AM23092
EM00969;Ресиверы, усилители Hi-Fi;Нет;AM23092
AM18281;Саундбары;Нет;AM23092
EM45172;Электрогитары;Нет;AM23092
AM20766;02. Видео аксессуары;Да;EM05758
EM03401;Аксессуары для проекторов;Нет;AM20766
AM21571;Видеоплеер портативный;Нет;AM20766
AM21572;Видеоплеер стационарный;Нет;AM20766
AM18130;Комплект спутникового и IP-TV ТВ;Нет;AM20766
AM24618;Конвертер, переключатель сигнала (под заказ);Нет;AM20766
AM18330;Крепления для видеотехники;Нет;AM20766
EM63751;Крепления для мониторов;Нет;AM20766
AM21574;Медиаплеер стационарный;Нет;AM20766
AM21568;Модуль расширения для ТВ/Видео;Нет;AM20766
AM21569;Пульт ДУ для ТВ Видео;Нет;AM20766
AM18289;Стереоочки 3D;Нет;AM20766
AM24465;Стол, тумба, стойка для ТВ;Нет;AM20766
AM18136;ТВ антенны;Нет;AM20766
AM21575;Тюнер цифрового телевидения;Нет;AM20766
AM23627;Усилители, кабели, сплиттеры, переходники;Нет;AM20766
AM23626;Чехлы для пультов ДУ;Нет;AM20766
AM19454;03. Осветительное оборудование и дом;Да;EM05758
AM19456;Лампа светодиодная;Нет;AM19454
AM19427;Метеостанция;Нет;AM19454
AM21707;Настенные часы;Нет;AM19454
AM26333;Осветительное оборудование;Нет;AM19454
AM19455;Светильник декоративный, ночник;Нет;AM19454
AM20763;Светильник настольный;Нет;AM19454
AM18377;Фонарь;Нет;AM19454
EM06047;04. Кабель HDMI;Да;EM05758
AM24345;Кабель HDMI;Нет;EM06047
EM10592;08 Производство;Да;AM18162
EM10596;Аксессуары для защитного стекла;Нет;EM10592
EM10688;Защитное стекло для смартфона без упаковки;Нет;EM10592
EM10593;Упаковка для защитного стекла;Нет;EM10592
AM18266;02. Цифровая Электроника и GSM (Смартфоны, Планшеты, Цифровые камеры);Да;
AM18252;01. Средства связи GSM;Да;AM18266
AM18249;Смартфоны, Сотовые телефоны, Радиостанции, Умные часы и браслеты;Да;AM18252
AM19347;Радиостанции;Нет;AM18249
AM18250;Смартфон;Нет;AM18249
AM18248;Сотовый телефон;Нет;AM18249
AM27381;Умные часы и браслеты;Нет;AM18249
AM18265;02. Планшетные ПК, Электронные книги, GPS Навигатор;Да;AM18266
AM18257;Планшетные ПК, Электронные книги, GPS Навигатор;Да;AM18265
AM18156;GPS Навигатор;Нет;AM18257
AM18255;Планшетный ПК;Нет;AM18257
AM18246;Электронная книга;Нет;AM18257
AM18135;03. Интертеймент;Да;AM18266
AM20741;01. Игровые консоли;Да;AM18135
AM18134;Ретро консоли;Нет;AM20741
EM08108;Современные игровые консоли;Нет;AM20741
AM20770;02. Аксессуары ИК;Да;AM18135
AM27450;Аксессуары для консолей;Нет;AM20770
AM21566;Геймпад;Нет;AM20770
AM27452;Игровой контроллер;Нет;AM20770
AM20740;03. Игры ИК/ПК и карты оплаты;Да;AM18135
EM04922;Blu-Ray Кино;Нет;AM20740
EM00418;ESD карты оплаты (конверты) – игры, сервисы;Нет;AM20740
EM08119;Игра для игровой консоли;Нет;AM20740
AM27457;Игра для ПК;Нет;AM20740
AM27451;Карта оплаты;Нет;AM20740
AM26979;04. Плееры и диктофоны;Да;AM18135
AM18187;MP3 плеер;Нет;AM26979
AM18230;Диктофоны и переводчики;Нет;AM26979
AM18185;Мультимедиа плеер;Нет;AM26979
AM20771;05. Сувениры, полезные мелочи;Да;AM18135
AM30997;Конструкторы;Нет;AM20771
EM08110;Мобильные средства передвижения;Нет;AM20771
AM27458;Настольная игра;Нет;AM20771
AM23878;Пакет подарочный;Нет;AM20771
AM18299;Полезные мелочи и прочее;Нет;AM20771
AM27459;Радиоуправляемая техника;Нет;AM20771
AM23973;Сувенирная продукция;Нет;AM20771
AM18245;04. Цифровые камеры, Фотооборудование;Да;AM18266
AM18183;1. Цифровые фото и видеокамеры;Да;AM18245
AM18241;Видеокамеры;Нет;AM18183
AM18182;Зеркальные камеры Любит.;Нет;AM18183
EM59531;Зеркальные камеры Проф.;Нет;AM18183
AM18181;Камера со сменной оптикой;Нет;AM18183
AM18180;Компактные камеры;Нет;AM18183
AM29233;Фотокамеры моментальной печати;Нет;AM18183
AM18240;Экшн-Видеокамера;Нет;AM18183
AM18199;2. Аксессуары для фото;Да;AM18245
AM18198;АКБ и зарядное устройство для фото/видео камер;Нет;AM18199
AM18238;Аксессуары для цифровых камер;Нет;AM18199
AM26923;Аксессуары для экшн-камер;Нет;AM18199
AM26315;Бинокли, Монокуляры, Зрительные трубы;Нет;AM18199
EM07537;Компактные фотопринтеры;Нет;AM18199
AM18234;Наборы освещения;Нет;AM18199
AM29232;Объективы для камер со сменной оптикой;Нет;AM18199
AM18191;Объективы Любит.;Нет;AM18199
EM59532;Объективы Проф.;Нет;AM18199
AM21950;Средства для чистки оптики и матриц;Нет;AM18199
EM72397;Телескопы и Микроскопы;Нет;AM18199
AM18228;Фоторамки;Нет;AM18199
AM18233;Фотофильтры;Нет;AM18199
AM18232;Штативы;Нет;AM18199
AM26712;3. Автовидео;Да;AM18245
AM18155;Видеорегистратор;Нет;AM26712
AM18154;Радар-детектор;Нет;AM26712
AM18222;03. IT Техника (Ноутбуки, Компьютеры, Комплектующие, Периферия);Да;
EM05098;00. Компьютеры и Моноблоки;Да;AM18222
EM05099;01. Компьютеры;Да;EM05098
EM44982;VR станция и Док-станция;Нет;EM05099
EM06229;Виртуальный ГСБ;Нет;EM05099
AM23891;Микрокомпьютер;Нет;EM05099
AM18179;Неттопы, стики, платформы;Нет;EM05099
AM18178;Персональный компьютер;Нет;EM05099
EM44981;Сервер и Рабочая станция;Нет;EM05099
EM05100;02. Моноблоки;Да;EM05098
AM18176;Моноблок;Нет;EM05100
AM18221;01. Ноутбуки;Да;AM18222
AM18160;01. Ноутбуки;Да;AM18221
AM18208;Ноутбуки;Нет;AM18160
AM26888;02. Мониторы, Сетевое, ИБП, Софт;Да;AM18222
AM20793;01. Мониторы;Да;AM26888
AM18335;Монитор;Нет;AM20793
AM18429;02. Сетевое оборудование;Да;AM26888
AM18430;IP-камера и система видеонаблюдения;Нет;AM18429
AM21542;KVM оборудование;Нет;AM18429
AM18432;Адаптер BlueTooth;Нет;AM18429
AM18433;Адаптер Wi-Fi;Нет;AM18429
AM18435;Антенна;Нет;AM18429
AM18437;Коммутатор;Нет;AM18429
AM18438;Маршрутизатор;Нет;AM18429
AM18434;Оборудование Powerline/PoE;Нет;AM18429
AM18443;Оборудование VoIP;Нет;AM18429
AM18444;Оборудование xDSL;Нет;AM18429
AM18446;Принт-сервер;Нет;AM18429
AM21559;Прочее сетевое оборудование;Нет;AM18429
AM18447;Сетевая карта;Нет;AM18429
AM18450;Точка доступа;Нет;AM18429
AM18451;Усилитель интернет-сигнала;Нет;AM18429
AM18442;Устройства связи 3G/4G;Нет;AM18429
AM23619;03. Софт, ИБП, Стабилизаторы;Да;AM26888
EM05429;ESD карты оплаты (конверты) – ПО;Нет;AM23619
AM19783;Аксессуары к ИБП;Нет;AM23619
AM18392;ИБП;Нет;AM23619
AM18469;Программное обеспечение;Нет;AM23619
AM18393;Стабилизатор напряжения;Нет;AM23619
AM20792;03. Комплектующие;Да;AM18222
AM20794;01. Комплектующие для сборки компьютера (основные), серверное оборуд;Да;AM20792
AM18166;Блок питания системного блока;Нет;AM20794
AM18173;Видеокарта;Нет;AM20794
AM18165;Корпус;Нет;AM20794
AM18172;Материнская плата;Нет;AM20794
AM18171;Оперативная память;Нет;AM20794
AM18219;Процессор;Нет;AM20794
AM18458;Серверное оборудование;Нет;AM20794
AM18355;Устройство для охлаждения и моддинг;Нет;AM20794
AM20796;02. Накопители информации, приводы и аксессуары ;Да;AM20792
AM18436;Внешнее хранилище;Нет;AM20796
AM18217;Внешний диск;Нет;AM20796
AM18212;Жесткий диск;Нет;AM20796
AM21558;Звуковая карта;Нет;AM20796
AM18341;Контроллеры и адаптеры;Нет;AM20796
AM18345;Плата для видеомонтажа;Нет;AM20796
AM18210;Привод/считыватель;Нет;AM20796
AM18168;Твердотельный накопитель SSD;Нет;AM20796
AM18351;Тюнер;Нет;AM20796
AM18386;04. Периферия, Оргтехника, Расходные материалы;Да;AM18222
AM18408;01. Печатающая, сканирующая техника;Да;AM18386
AM23529;3D печать, сканирование;Нет;AM18408
AM18412;МФУ Лазерное;Нет;AM18408
AM18413;МФУ Струйное;Нет;AM18408
EM04829;Опция для печатающей техники;Нет;AM18408
AM18415;Принтер Лазерный;Нет;AM18408
AM18416;Принтер Матричный;Нет;AM18408
AM18417;Принтер Струйный;Нет;AM18408
AM18419;Сканер;Нет;AM18408
AM18277;Факс;Нет;AM18408
EM03094;Широкоформатная техника (МФУ, Принтеры, Сканеры);Нет;AM18408
AM18420;02. Расходные материалы;Да;AM18386
AM18422;ЗИП (Запасные части И Принадлежности);Нет;AM18420
AM18705;Картридж лазерный;Нет;AM18420
AM18423;Картридж струйный;Нет;AM18420
AM18273;Обложка для переплета;Нет;AM18420
AM18421;Офисная бумага;Нет;AM18420
AM18272;Пленка для ламинирования;Нет;AM18420
AM18270;Пружина для переплета;Нет;AM18420
AM23313;Расходные материалы для 3D принтеров;Нет;AM18420
EM69009;Товары под внутренние нужды (Не использовать!);Нет;AM18420
AM18704;Фотобумага и наклейки;Нет;AM18420
AM18428;Чернила и тонер;Нет;AM18420
AM23162;03. Оргтехника;Да;AM18386
AM18123;Брошюровщик;Нет;AM23162
AM18275;Детектор банкнот;Нет;AM23162
AM18268;Интерактивное оборудование и экраны для проекторов;Нет;AM23162
AM22006;Калькулятор;Нет;AM23162
EM08477;Касса;Нет;AM23162
AM18274;Ламинатор;Нет;AM23162
AM24126;Офисная мебель;Нет;AM23162
AM23223;Принтер для печати наклеек;Нет;AM23162
AM18271;Принтер штрих-кода;Нет;AM23162
AM18310;Проекторы;Нет;AM23162
AM18319;Резак;Нет;AM23162
AM18318;Сканер штрих-кода;Нет;AM23162
AM18317;Счетчик банкнот;Нет;AM23162
AM18278;Телефоны стационарные (DECT и проводные);Нет;AM23162
EM02547;Терминал сбора данных;Нет;AM23162
AM18315;Уничтожитель;Нет;AM23162
EM03471;05. Комплектующие (СБОРКА);Да;AM18222
EM03489;Комплектующая для сборки (СБОРКА);Нет;EM03471
AM24114;04. Бытовая техника (ТВ, КБТ, МБТ, Инструменты);Да;
AM18291;01. Телевизоры;Да;AM24114
EM01866;Телевизор;Да;AM18291
AM18290;"Телевизоры 15""-27""";Нет;EM01866
AM18520;"Телевизоры 28""-37""";Нет;EM01866
AM18209;"Телевизоры 39""-43""";Нет;EM01866
AM18521;"Телевизоры 46""-50""";Нет;EM01866
AM26932;"Телевизоры 55""-58""";Нет;EM01866
EM09487;"Телевизоры от 60""";Нет;EM01866
AM29316;02. КБТ Отдельностоящая;Да;AM24114
EM05723;КБТ Водонагреватели;Да;AM29316
EM05753;Водонагреватель газовый;Нет;EM05723
AM19422;Водонагреватель электрический накопительный;Нет;EM05723
EM09596;Водонагреватель электрический проточный;Нет;EM05723
EM05724;КБТ Стиральные машины;Да;AM29316
AM26697;Встраиваемая стиральная машина;Нет;EM05724
EM09647;Стиральная машина полуавтомат;Нет;EM05724
EM09646;Стиральная машина с вертикальной загрузкой;Нет;EM05724
AM19415;Стиральная машина с фронтальной загрузкой;Нет;EM05724
AM22962;Сушильная машина;Нет;EM05724
EM05722;КБТ Холодильники и морозильники;Да;AM29316
EM06984;Винный шкаф;Нет;EM05722
AM26698;Встраиваемый холодильник;Нет;EM05722
AM26313;Морозильный ларь;Нет;EM05722
AM20781;Морозильный шкаф;Нет;EM05722
EM06700;Холодильник - витрина;Нет;EM05722
AM29319;Холодильник многокамерный и Side by Side;Нет;EM05722
EM09650;Холодильник однокамерный компактный < 100см;Нет;EM05722
EM09649;Холодильник однокамерный полноразмерный >100см;Нет;EM05722
EM09648;Холодильник с верхней морозильной камерой;Нет;EM05722
AM19412;Холодильник с нижней морозильной камерой;Нет;EM05722
AM26858;03. КБТ Встраиваемая;Да;AM24114
EM05725;КБТ Варочная поверхность;Да;AM26858
EM09482;Варочная поверхность газовая 2 конфорочная;Нет;EM05725
AM26860;Варочная поверхность газовая 3+ конфорочная;Нет;EM05725
EM09483;Варочная поверхность индукционная 2 конфорочная;Нет;EM05725
EM03396;Варочная поверхность индукционная 3+ конфорочная;Нет;EM05725
EM09484;Варочная поверхность электрическая 2 конфорочная;Нет;EM05725
AM19416;Варочная поверхность электрическая 3+ конфорочная;Нет;EM05725
EM05730;КБТ Встраиваемая микроволновая печь;Да;AM26858
AM26864;Встраиваемая микроволновая печь;Нет;EM05730
EM05729;КБТ Вытяжка;Да;AM26858
AM19418;Вытяжка встраиваемая;Нет;EM05729
EM09486;Вытяжка каминная;Нет;EM05729
EM09485;Вытяжка подвесная;Нет;EM05729
EM05727;КБТ Духовой шкаф;Да;AM26858
AM26280;Духовой шкаф газовый;Нет;EM05727
AM19417;Духовой шкаф электрический;Нет;EM05727
EM05726;КБТ Плиты;Да;AM26858
AM20782;Плита газовая;Нет;EM05726
AM19413;Плита электрическая;Нет;EM05726
EM05728;КБТ Посудомоечная машина;Да;AM26858
AM20780;Встраиваемая посудомоечная машина;Нет;EM05728
AM19414;Посудомоечная машина;Нет;EM05728
EM06518;КБТ Прочая встраиваемая техника;Да;AM26858
EM06519;Прочая встраиваемая техника;Нет;EM06518
EM05712;04. МБТ Кухня;Да;AM24114
AM19431;МБТ Для жарки и варки;Да;EM05712
AM30160;Блинница;Нет;AM19431
AM19438;Вафельница, Гриль, Сэндвичница;Нет;AM19431
AM19432;Микроволновая печь;Нет;AM19431
AM20753;Мультиварка;Нет;AM19431
AM19829;Прочая техника для жарки и варки;Нет;AM19431
AM20756;Тостер;Нет;AM19431
AM19437;Хлебопечь;Нет;AM19431
AM20755;Электрическая плитка;Нет;AM19431
AM30172;Электропечь;Нет;AM19431
AM19448;МБТ Для нарезки и смешивания;Да;EM05712
AM20759;Блендер Погружной;Нет;AM19448
EM09455;Блендер Стационарный;Нет;AM19448
AM30175;Кухонный комбайн, Измельчитель;Нет;AM19448
AM19450;Миксер ручной;Нет;AM19448
AM19452;Мясорубка;Нет;AM19448
EM45169;Стационарный миксер, Кухонная машина;Нет;AM19448
EM07910;МБТ Для приготовления кофе;Да;EM05712
AM19434;Кофеварка;Нет;EM07910
AM20747;Кофемашина автоматическая;Нет;EM07910
EM03351;Кофемашина капсульная;Нет;EM07910
AM19449;Кофемолка;Нет;EM07910
AM20742;МБТ Для приготовления напитков;Да;EM05712
EM01439;Диспенсер;Нет;AM20742
AM19453;Соковыжималка;Нет;AM20742
AM26921;Термопот;Нет;AM20742
AM19436;Электрочайник;Нет;AM20742
AM20743;МБТ Прочая кухонная техника;Да;EM05712
AM19451;Кухонные весы;Нет;AM20743
EM45237;Прочая кухонная техника;Нет;AM20743
AM30166;Сушилка для овощей и фруктов;Нет;AM20743
AM18161;05. МБТ Дом;Да;AM24114
AM20745;МБТ Для уборки;Да;AM18161
AM20760;Пароочиститель, Паровая швабра;Нет;AM20745
AM19430;Пылесос;Нет;AM20745
EM07228;Пылесос вертикальный;Нет;AM20745
AM27460;Пылесосы-роботы;Нет;AM20745
AM20744;МБТ Для ухода за одеждой;Да;AM18161
AM19426;Отпариватель;Нет;AM20744
AM30156;Паровая станция;Нет;AM20744
AM30155;Сушилка для обуви;Нет;AM20744
AM19429;Утюг;Нет;AM20744
AM19428;Швейная машина;Нет;AM20744
EM07247;МБТ Зимний климат;Да;AM18161
AM23625;Инфракрасный обогреватель;Нет;EM07247
AM20765;Конвектор;Нет;EM07247
AM19421;Маслонаполненный радиатор;Нет;EM07247
AM22937;Мягкое тепло;Нет;EM07247
AM20767;Тепловентилятор;Нет;EM07247
AM20749;МБТ Климат;Да;AM18161
AM30928;Климатический комплекс;Нет;AM20749
EM03360;Мойка воздуха;Нет;AM20749
AM20768;Очиститель воздуха;Нет;AM20749
AM19424;Увлажнитель воздуха;Нет;AM20749
EM07248;МБТ Летний климат;Да;AM18161
AM19552;Вентилятор бытовой;Нет;EM07248
AM19420;Кондиционер;Нет;EM07248
AM24442;Осушитель воздуха;Нет;EM07248
AM19425;МБТ Прочая техника для дома;Да;AM18161
AM21695;Прочая техника для дома;Нет;AM19425
EM58757;Товары для ванной;Нет;AM19425
AM24844;Умный дом;Нет;AM19425
EM05720;06. МБТ Красота;Да;AM24114
AM19439;МБТ Для красоты и здоровья;Да;EM05720
AM19446;Весы напольные;Нет;AM19439
AM30164;Косметический прибор;Нет;AM19439
AM19441;Массажер;Нет;AM19439
AM30165;Массажная ванночка;Нет;AM19439
AM21684;Материнство и детство;Нет;AM19439
AM19444;Приборы для маникюра и педикюра;Нет;AM19439
AM19447;Радио и видеоняни;Нет;AM19439
AM22096;Тонометр, Термометр, Ингалятор;Нет;AM19439
AM19445;Электрическая зубная щетка;Нет;AM19439
AM20757;Электробритва;Нет;AM19439
AM20758;Эпилятор;Нет;AM19439
AM20746;МБТ Для ухода за волосами;Да;EM05720
AM20761;Выпрямитель для волос;Нет;AM20746
AM19443;Машинка для стрижки;Нет;AM20746
AM30163;Стайлер;Нет;AM20746
AM30162;Триммер;Нет;AM20746
AM19440;Фен;Нет;AM20746
AM30161;Фен-щетка;Нет;AM20746
AM20762;Электрощипцы;Нет;AM20746
AM24115;07. Инструмент;Да;AM24114
AM24380;01. Электроинструмент;Да;AM24115
AM24356;Аккумуляторная отвертка;Нет;AM24380
EM45046;Алмазная дрель;Нет;AM24380
EM45071;Вибрационная шлифмашина;Нет;AM24380
AM26785;Гайковерт;Нет;AM24380
AM26787;Гравировальные машинки;Нет;AM24380
AM24122;Дисковая пила;Нет;AM24380
AM24119;Дрель;Нет;AM24380
EM04206;Дрель-миксер;Нет;AM24380
AM26788;Клеевой пистолет;Нет;AM24380
AM26829;Краскораспылитель электрический;Нет;AM24380
EM45075;Ленточная шлифмашина;Нет;AM24380
EM10847;Ленточнопильный станок;Нет;AM24380
AM24123;Лобзик;Нет;AM24380
EM63761;Лобзик стационарный;Нет;AM24380
EM09661;Набор электроинструмента;Нет;AM24380
EM10846;Настольная дисковая пила;Нет;AM24380
EM10800;Ножницы электрические;Нет;AM24380
AM26791;Отбойный молоток;Нет;AM24380
EM04570;Отрезная пила;Нет;AM24380
EM45049;Паяльная станция;Нет;AM24380
AM26792;Паяльник электрический;Нет;AM24380
EM71385;Паяльный фен;Нет;AM24380
AM24120;Перфоратор;Нет;AM24380
EM10873;Пистолет для герметика;Нет;AM24380
EM10930;Плиткорез;Нет;AM24380
EM45074;Полировальная машина;Нет;AM24380
EM45079;Прочие шлифовальные машины;Нет;AM24380
EM45078;Прямошлифовальная машина;Нет;AM24380
EM10844;Рейсмусовый станок;Нет;AM24380
AM24369;Реноватор;Нет;AM24380
AM26794;Рубанок электрический;Нет;AM24380
AM26790;Сабельная пила;Нет;AM24380
EM11015;Сверлильный станок;Нет;AM24380
EM63760;Станок токарный;Нет;AM24380
AM24366;Степлер электрический;Нет;AM24380
AM24371;Строительный пылесос;Нет;AM24380
AM24370;Строительный фен;Нет;AM24380
AM26793;Торцовочная пила;Нет;AM24380
AM26795;Точило;Нет;AM24380
AM24121;Углошлифмашина;Нет;AM24380
AM24365;Фрезер;Нет;AM24380
AM26796;Штроборез;Нет;AM24380
AM24118;Шуруповерт;Нет;AM24380
AM24368;Эксцентриковая шлифмашина;Нет;AM24380
EM04699;02. Ручной инструмент;Да;AM24115
EM11024;Верстак;Нет;EM04699
EM56269;Газовая горелка;Нет;EM04699
EM45122;Губка шлифовальная;Нет;EM04699
AM26782;Изолента;Нет;EM04699
AM26783;Клей;Нет;EM04699
EM45084;Ключи;Нет;EM04699
EM01614;Мультитул;Нет;EM04699
AM27462;Набор инструментов для точных работ;Нет;EM04699
AM26821;Набор ручного инструмента;Нет;EM04699
EM45088;Отвёртки;Нет;EM04699
EM10638;Степлер механический;Нет;EM04699
EM01179;Топор;Нет;EM04699
AM26822;Торцевые головки;Нет;EM04699
EM45086;Шарнирно-губцевый инструмент;Нет;EM04699
AM26823;03. Пневматическое оборудование;Да;AM24115
AM26824;Компрессоры;Нет;AM26823
EM45056;Краскораспылитель пневматический;Нет;AM26823
AM26825;Набор пневматического инструмента;Нет;AM26823
EM45066;Нейлер;Нет;AM26823
EM45053;Пневмогайковёрт;Нет;AM26823
EM45051;Пневмодрель;Нет;AM26823
EM45060;Пневмопистолет;Нет;AM26823
EM45055;Пневмотрещотка;Нет;AM26823
EM45059;Пневмошлифмашина;Нет;AM26823
EM45070;Прочий пневмоинструмент;Нет;AM26823
EM10205;04. Спецодежда и СИЗ;Да;AM24115
EM63881;Жилет для инструмента;Нет;EM10205
EM45120;Каска;Нет;EM10205
EM67440;Кобура для шуруповерта;Нет;EM10205
AM26831;Маска сварочная;Нет;EM10205
EM67441;Наколенники;Нет;EM10205
EM45115;Наушники защитные;Нет;EM10205
EM03689;Очки защитные;Нет;EM10205
EM45094;Очки лазерные;Нет;EM10205
EM45114;Перчатки защитные;Нет;EM10205
EM45117;Перчатки сварщика (краги);Нет;EM10205
EM71417;Пояс для инструмента;Нет;EM10205
EM68366;Пояс страховочный;Нет;EM10205
EM45116;Респиратор;Нет;EM10205
EM45119;Штаны для защиты от порезов цепной пилой;Нет;EM10205
EM45118;Щиток лицевой;Нет;EM10205
AM24381;05. Аксессуары для электро и пневмо инструмента;Да;AM24115
EM10835;Адаптер для коронок;Нет;AM24381
EM10866;Адаптер/переходник для перфораторов;Нет;AM24381
AM26833;Аккумуляторное оборудование для электроинструмента;Нет;AM24381
AM28706;Аксессуары для аппаратов высокого давления;Нет;AM24381
EM10855;Аксессуары для дисковых пил;Нет;AM24381
EM10864;Аксессуары для дрели алмазного сверления;Нет;AM24381
EM10853;Аксессуары для лобзиков;Нет;AM24381
EM10248;Аксессуары для паяльного оборудования;Нет;AM24381
EM11018;Аксессуары для пневматического оборудования;Нет;AM24381
EM10851;Аксессуары для рубанков;Нет;AM24381
EM10546;Аксессуары для строительных пылесосов;Нет;AM24381
EM10849;Аксессуары для торцовочных пил;Нет;AM24381
EM10818;Аксессуары для углошлифмашин;Нет;AM24381
EM10798;Аксессуары для фрезеров;Нет;AM24381
EM04706;Аксессуары для шуруповертов;Нет;AM24381
EM45092;Кейс для электроинструмента;Нет;AM24381
EM10895;Насадка для пылеудаления;Нет;AM24381
EM10830;Насадка для строительного фена;Нет;AM24381
EM10804;Патрон;Нет;AM24381
EM04604;Системы хранения инструмента;Нет;AM24381
EM10826;Строительное радио;Нет;AM24381
EM10823;Фонарь строительный;Нет;AM24381
EM10287;Шланг для аппарата высокого давления;Нет;AM24381
EM10250;Шланг для пневматического оборудования;Нет;AM24381
EM05755;06. Расходные материалы для электро и пневмо инструмента;Да;AM24115
EM10206;Биты;Нет;EM05755
EM10207;Бур для перфоратора;Нет;EM05755
EM10229;Гвозди для степлера;Нет;EM05755
EM10208;Диск для УШМ;Нет;EM05755
EM67438;Диск лепестковый для Дрели;Нет;EM05755
EM10209;Диск пильный;Нет;EM05755
EM10827;Диск полировальный;Нет;EM05755
EM10894;Долото для отбойного молотка;Нет;EM05755
EM10791;Долото/зубило для перфоратора;Нет;EM05755
EM10639;Жало паяльное;Нет;EM05755
EM10803;Зенкер;Нет;EM05755
EM10210;Клеевые стержни;Нет;EM05755
EM10834;Коронка для перфоратора;Нет;EM05755
EM10211;Коронки для дрели;Нет;EM05755
EM45098;Ленты для ленточных шлифмашин;Нет;EM05755
EM45101;Листы для виброшлифмашин;Нет;EM05755
EM10233;Листы для эксцентриковых шлифмашин;Нет;EM05755
EM03680;Масло для 2-х тактных двигателей;Нет;EM05755
EM10235;Масло для 4-х тактных двигателей;Нет;EM05755
EM10236;Масло для компрессоров;Нет;EM05755
EM10237;Масло для пневмоинструмента;Нет;EM05755
EM10238;Масло для смазки цепи;Нет;EM05755
EM10867;Мешалка для дрель-миксера;Нет;EM05755
EM10817;Насадка для прямошлифовальных машин;Нет;EM05755
EM10213;Насадки для гравировальных машин;Нет;EM05755
EM10214;Насадки для реноваторов;Нет;EM05755
EM45007;Насадки для сверлильных станков;Нет;EM05755
EM10796;Нож для рубанка;Нет;EM05755
EM10886;Опорная тарелка;Нет;EM05755
EM10225;Паяльная химия;Нет;EM05755
EM10221;Пилки для электролобзика;Нет;EM05755
EM10822;Пластина для шлифмашин;Нет;EM05755
EM10809;Подошва для шлифмашин;Нет;EM05755
EM10861;Полотно для ленточнопильного станка;Нет;EM05755
EM10223;Полотно для сабельной пилы;Нет;EM05755
EM10224;Припой для пайки;Нет;EM05755
EM10881;Пылесборник для электроинструмента;Нет;EM05755
EM45102;Расходка для прочих шлифовальных машин;Нет;EM05755
EM10887;Расходник для ножниц по металлу;Нет;EM05755
EM10839;Ремень приводной (для шлифмашин);Нет;EM05755
EM10831;Ремкомплект для перфоратора;Нет;EM05755
EM10234;Сверла;Нет;EM05755
EM10806;Свеча зажигания для бензоинструмента;Нет;EM05755
EM10228;Скобы для степлера;Нет;EM05755
EM10815;Смазка для буров;Нет;EM05755
EM10645;Средства очистки при работе с паяльным оборудованием;Нет;EM05755
EM10642;Стеклотекстолит;Нет;EM05755
EM45106;Точильный круг;Нет;EM05755
EM10245;Универсальный набор оснастки;Нет;EM05755
EM10247;Фреза;Нет;EM05755
EM10785;Шурупная лента;Нет;EM05755
EM10794;Щетка графитовая для электроинструмента;Нет;EM05755
EM10813;Щетка для дрели;Нет;EM05755
EM72404;Щетка для точила;Нет;EM05755
EM45156;07. Строительный крепёж;Да;AM24115
EM65574;Анкеры;Нет;EM45156
EM65575;Болты;Нет;EM45156
EM65576;Винты;Нет;EM45156
EM65577;Гайки;Нет;EM45156
EM65580;Гвозди;Нет;EM45156
EM65573;Дюбели;Нет;EM45156
EM65585;Заклепки;Нет;EM45156
EM65581;Кляймеры;Нет;EM45156
EM65583;Крепежные углы;Нет;EM45156
EM65571;Саморезы;Нет;EM45156
EM65579;Скобы;Нет;EM45156
EM65584;Соединительные пластины;Нет;EM45156
EM65582;Хомуты;Нет;EM45156
EM65578;Шайбы;Нет;EM45156
EM65586;Шпильки;Нет;EM45156
EM65572;Шурупы;Нет;EM45156
EM45157;08. Строительное оборудование;Да;AM24115
EM10871;Бензорез;Нет;EM45157
EM45228;Бетоносмеситель;Нет;EM45157
EM10857;Вибратор для бетона;Нет;EM45157
EM70189;Виброплита;Нет;EM45157
EM11022;Резчик электрический;Нет;EM45157
EM01181;Стремянка;Нет;EM45157
AM26852;09. Тепловые пушки;Да;AM24115
AM30153;Тепловая завеса;Нет;AM26852
AM26853;Тепловые пушки газовые;Нет;AM26852
AM26854;Тепловые пушки дизельные;Нет;AM26852
AM26855;Тепловые пушки электрические;Нет;AM26852
AM26830;10. Силовое оборудование;Да;AM24115
EM10929;Аппарат для сварки пластиковых труб;Нет;AM26830
AM24360;Сварочный аппарат;Нет;AM26830
AM26832;Электрогенератор;Нет;AM26830
AM26799;11. Измерительный инструмент;Да;AM24115
EM09558;pH-метр;Нет;AM26799
AM26800;Анемометр;Нет;AM26799
AM26818;Видеоскоп;Нет;AM26799
EM10299;Газоанализатор;Нет;AM26799
AM26801;Детектор проводки;Нет;AM26799
EM10300;Измерители параметров окружающей среды;Нет;AM26799
EM10301;Измерители параметров электропитания;Нет;AM26799
AM26802;Измеритель уровня влажности (влагомер, гигрометр);Нет;AM26799
EM10307;Измеритель уровня электромагнитного фона;Нет;AM26799
EM10302;Индикатор чередования фаз;Нет;AM26799
AM26805;Лазерный дальномер;Нет;AM26799
AM26806;Лазерный нивелир;Нет;AM26799
EM10303;Люксметр;Нет;AM26799
EM10304;Манометр;Нет;AM26799
EM09657;Металлоискатель;Нет;AM26799
EM63873;Микрометр;Нет;AM26799
AM29584;Мультиметр;Нет;AM26799
EM10305;Омметр;Нет;AM26799
AM24357;Оптический нивелир;Нет;AM26799
AM26809;Пирометр;Нет;AM26799
EM11020;Пробник напряжения;Нет;AM26799
EM65649;Рулетка;Нет;AM26799
AM26812;Склерометр;Нет;AM26799
EM10306;Тахометр;Нет;AM26799
EM05137;Тепловизор;Нет;AM26799
AM26814;Толщиномер;Нет;AM26799
AM26815;Углоизмерительный прибор;Нет;AM26799
AM26803;Шумомер;Нет;AM26799
AM26846;12. Садовая техника;Да;AM24115
AM24117;Аппарат высокого давления;Нет;AM26846
EM10860;Аэратор;Нет;AM26846
EM08610;Воздуходувка (садовый пылесос);Нет;AM26846
EM63698;Высоторез;Нет;AM26846
AM26847;Газонокосилка;Нет;AM26846
EM56234;Гидроаккумулятор;Нет;AM26846
EM51496;Дровокол;Нет;AM26846
EM01984;Измельчитель садовый;Нет;AM26846
EM06659;Культиватор;Нет;AM26846
EM05079;Кусторез;Нет;AM26846
EM45229;Мотоблок;Нет;AM26846
AM24367;Мотобур;Нет;AM26846
EM10723;Мотопомпа;Нет;AM26846
EM65652;Насос вибрационный;Нет;AM26846
AM26848;Насос дренажный;Нет;AM26846
EM65651;Насос поверхностный;Нет;AM26846
EM65653;Насос скважинный;Нет;AM26846
EM65654;Насосная станция;Нет;AM26846
EM51499;Опрыскиватель;Нет;AM26846
AM31546;Снегоуборщик;Нет;AM26846
AM26849;Триммер садовый;Нет;AM26846
AM26850;Цепная пила бензиновая;Нет;AM26846
AM26851;Цепная пила электрическая;Нет;AM26846
EM45158;13. Аксессуары для инструмента;Да;AM24115
EM45095;Адаптер/крепление для измерительного инструмента;Нет;EM45158
EM63697;Аккумуляторное оборудование для садовой техники;Нет;EM45158
EM10870;Аксессуары для бензорезов;Нет;EM45158
EM10883;Аксессуары для газонокосилок;Нет;EM45158
EM10311;Аксессуары для газонокосилок-роботов;Нет;EM45158
EM56230;Аксессуары для генераторов;Нет;EM45158
EM10840;Аксессуары для садовых триммеров;Нет;EM45158
EM10227;Аксессуары для сварочного оборудования;Нет;EM45158
EM10891;Аксессуары для цепных пил;Нет;EM45158
EM10890;Канистра;Нет;EM45158
EM45097;Отражательные поверхности для измерительного инструмента;Нет;EM45158
EM45093;Рейка нивелирная;Нет;EM45158
AM26331;Штатив для измерительного инструмента;Нет;EM45158
EM45159;14. Расходные материалы для инструмента;Да;AM24115
EM56276;Газовый баллон;Нет;EM45159
EM10217;Головка для триммера садового;Нет;EM45159
EM01332;Диск для триммера садового;Нет;EM45159
EM10252;Леска для триммеров;Нет;EM45159
EM10230;Напильник для цепной пилы;Нет;EM45159
EM10216;Нож для газонокосилки;Нет;EM45159
EM10220;Нож для триммера садового;Нет;EM45159
EM11017;Проволока сварочная;Нет;EM45159
EM10239;Смазка редуктора триммера;Нет;EM45159
AM28489;Цепь пильная;Нет;EM45159
EM10231;Шина для цепной пилы;Нет;EM45159
AM28462;Шнек для мотобура;Нет;EM45159
AM30919;Электроды;Нет;EM45159
AM27031;15. Прочее;Да;AM24115
EM01159;Адаптер/Соединитель;Нет;AM27031
EM01161;Комплекты для полива;Нет;AM27031
EM01706;Мебель для пикника;Нет;AM27031
EM01708;Набор для пикника;Нет;AM27031
EM01169;Разбрызгиватель/Дождеватель;Нет;AM27031
EM01080;Распылитель;Нет;AM27031
AM26327;Ручной инструмент;Нет;AM27031
EM01183;Садово-посадочный инструмент;Нет;AM27031
AM26338;Силовое оборудование и аксессуары к нему;Нет;AM27031
AM26339;Спецодежда;Нет;AM27031
EM02128;Теплый пол;Нет;AM27031
EM01678;Товары для шашлыка;Нет;AM27031
EM01174;Уход за садом;Нет;AM27031
EM01171;Шланги поливочные и катушки;Нет;AM27031
AM30924;Штучная оснастка;Нет;AM27031
AM26765;Эхолот;Нет;AM27031
EM59533;05. Прочее;Да;
AM19970;01. Автотовары;Да;EM59533
AM26711;01. Автосигнализация;Да;AM19970
AM26736;Автосигнализация;Нет;AM26711
AM26749;02. Аксессуары салонные;Да;AM19970
AM26751;Автомобильный монитор;Нет;AM26749
AM26748;Алкотестер;Нет;AM26749
AM26927;Детское автомобильное кресло;Нет;AM26749
AM26756;Диагностический адаптер;Нет;AM26749
AM26769;Камера заднего вида;Нет;AM26749
AM26757;Коврик на приборную панель;Нет;AM26749
AM26759;Маршрутный компьютер;Нет;AM26749
EM10283;Мотогарнитура;Нет;AM26749
EM04831;Пылесос автомобильный;Нет;AM26749
AM26762;Разветвитель автомобильного прикуривателя;Нет;AM26749
AM29456;Чехлы на сиденья;Нет;AM26749
AM26770;03. Автопринадлежности;Да;AM19970
EM01588;Автобагажник;Нет;AM26770
AM26771;Автокомпрессор;Нет;AM26770
EM45450;Аксессуар для крепления;Нет;AM26770
EM45449;Грузовой бокс;Нет;AM26770
AM26774;Домкрат;Нет;AM26770
AM26777;ПЗУ, Зарядное устройство;Нет;AM26770
AM26776;Преобразователь напряжения;Нет;AM26770
AM26779;Стартовые провода;Нет;AM26770
AM26353;04. Автосвет;Да;AM19970
AM26732;Блок розжига;Нет;AM26353
AM26723;Галогеновая лампа;Нет;AM26353
AM26728;Дневные ходовые огни;Нет;AM26353
AM26725;Ксеноновая лампа;Нет;AM26353
AM26724;Лампа накаливания;Нет;AM26353
AM26729;Линзы;Нет;AM26353
AM26726;Светодиодная лампа;Нет;AM26353
AM26931;05. Прочее;Да;AM19970
AM29792;Автоаксессуары наружные;Нет;AM26931
AM26772;Автомобильный аккумулятор;Нет;AM26931
AM30909;Автоодеяло;Нет;AM26931
AM18152;Аксессуары автоэлектроника;Нет;AM26931
EM04124;Аксессуары для автозвука;Нет;AM26931
AM29457;Коврик салона;Нет;AM26931
EM45448;Крепление;Нет;AM26931
EM01623;Наклейка для автомобиля;Нет;AM26931
AM29458;Оплетка на руль;Нет;AM26931
AM26893;Органайзер автомобильный;Нет;AM26931
AM26747;Очки для водителей;Нет;AM26931
AM26761;Парковочный радар;Нет;AM26931
AM26719;Переходная рамка;Нет;AM26931
AM31528;Светоотражающий элемент;Нет;AM26931
AM26778;Сигнал звуковой;Нет;AM26931
AM26780;Щетка стеклоочистителя;Нет;AM26931
AM18558;не использовать;Да;
AM18453;!Товары для внутреннего использования / самостоятельного закупа;Да;AM18558
AM22010;Аккумулятор для ноутбуков;Нет;AM18453
AM19276;Аксессуар для монитора/ноутбука;Нет;AM18453
AM18431;Коммутационное оборудование для внутреннего использования;Нет;AM18453
AM20614;Расходные материалы для принтеров ШК/наклеек;Нет;AM18453
AM22108;Торговое оборудование;Нет;AM18453
AM26859;00. БТ;Да;AM18558
AM29315;КБТ Плиты и Духовые шкафы;Да;AM26859
EM07911;МБТ С истекшим сроком годности;Да;AM26859
EM07225;Кофемашина капсульная (Срок годности);Нет;EM07911
EM07289;Фильтры-кувшины (Срок годности);Нет;EM07911
AM21591;Аксессуары для Плит и варочных поверхностей;Нет;AM26859
AM19433;Аэрогриль;Нет;AM26859
AM26863;Варочная поверхность комбинированная (не использовать);Нет;AM26859
AM26867;Винный шкаф (не использовать);Нет;AM26859
AM26304;Водонагреватель газовый (не использовать);Нет;AM26859
AM29352;Встраиваемая кофемашина (не использовать);Нет;AM26859
AM29353;Встраиваемая пароварка (не использовать);Нет;AM26859
AM26348;Встраиваемый комплект (не исполльзовать);Нет;AM26859
AM26868;Встраиваемый морозильный шкаф (не использовать);Нет;AM26859
AM29378;Вытяжка встраиваемая (не использовать);Нет;AM26859
AM29377;Вытяжка каминная (не использовать);Нет;AM26859
AM29379;Вытяжка подвесная (не использовать);Нет;AM26859
AM30157;Гриль;Нет;AM26859
AM29907;Для безопасности дома;Нет;AM26859
AM30173;Измельчитель, Ломтерезка;Нет;AM26859
AM30170;Йогуртница;Нет;AM26859
AM30174;Ломтерезка;Нет;AM26859
AM19435;Пароварка;Нет;AM26859
AM26866;Плита комбинированная (не использовать);Нет;AM26859
AM30171;Фритюрница;Нет;AM26859
AM29453;Холодильник компактный (не использовать);Нет;AM26859
AM30158;Электрошашлычница;Нет;AM26859
EM10184;000. ЗИП;Да;AM18558
EM10392;АКБ;Да;EM10184
EM45467;АКБ для ноутбуков;Нет;EM10392
EM45010;АКБ для планшетов;Нет;EM10392
EM10393;АКБ для смартфонов;Нет;EM10392
EM10403;Аксессуары;Да;EM10184
EM10402;Аксессуары для планшета;Нет;EM10403
EM10396;Запчасти ноутбуков;Да;EM10184
EM59499;Клавиатуры ноутбуков;Нет;EM10396
EM59497;Матрицы для ноутбуков;Нет;EM10396
EM10408;Запчасти планшетов;Да;EM10184
EM45011;LCD для планшета;Нет;EM10408
EM45014;Камеры для Планшета;Нет;EM10408
EM45012;Модуль LCD+TP для планшета;Нет;EM10408
EM45015;Расширения (платы/шлейфы) для Планшета;Нет;EM10408
EM45013;Сенсорная панель (TP) для планшета;Нет;EM10408
EM45016;Шлейф-кнопка для Планшета;Нет;EM10408
EM10389;Запчасти смартфонов;Да;EM10184
EM10185;LCD для смартфонов;Нет;EM10389
EM10423;Антенны и модули связи;Нет;EM10389
EM10409;Антенный кабель (RF) для смартфона;Нет;EM10389
EM10419;Датчик Touch ID для смартфона;Нет;EM10389
EM10406;Динамики, микрофоны, вибромоторы для смартфонов;Нет;EM10389
EM10397;Задняя часть/крышка корпуса смартфона;Нет;EM10389
EM10407;Камеры для смартфона;Нет;EM10389
EM10398;Кнопка/заглушка/прочее смартфона;Нет;EM10389
EM10706;Компоненты для смартфонов;Нет;EM10389
EM10399;Лоток сим для смартфона (корпус);Нет;EM10389
EM10404;Материнские платы смартфонов;Нет;EM10389
EM10390;Модуль LCD+TP для смартфонов;Нет;EM10389
EM10401;Передняя часть корпуса смартфона;Нет;EM10389
EM10405;Расширения (платы/шлейфы) для смартфона;Нет;EM10389
EM10391;Сенсорная панель (TP) для смартфонов;Нет;EM10389
EM10410;Соединительный шлейф;Нет;EM10389
EM10400;Средняя часть корпуса смартфона;Нет;EM10389
EM10418;Шлейф-кнопка для смартфона;Нет;EM10389
EM10598;ЗИП (для ценообразования);Нет;EM10184
EM10466;Клавиатура для смартфона;Нет;EM10184
AM18387;01. USB Flash;Да;AM18558
AM18292;01. Видео;Да;AM18558
AM20772;01. Видеорегистратор;Да;AM18558
AM18220;01. Компьютеры;Да;AM18558
AM18334;02. Аксессуары ТВ;Да;AM18558
EM08537;Аксессуар ТВ (для тестирования);Нет;AM18334
AM18389;02. ИБП, Стабилизаторы;Да;AM18558
AM18177;02. Моноблок, готовый комплект;Да;AM18558
AM24124;02. Офисная мебель;Да;AM18558
AM18391;Держатель;Нет;AM24124
EM10468;Стол;Нет;AM24124
AM24127;Стол компьютерный;Нет;AM24124
AM23777;02. Расходные материалы;Да;AM18558
AM18157;03. GPS Навигатор;Да;AM18558
AM21055;03. Микрофоны;Да;AM18558
AM18394;03. Сетевые фильтры;Да;AM18558
AM20769;04. Акустические системы;Да;AM18558
AM18148;04. Игрушки, полезные мелочи;Да;AM18558
AM18287;Аксессуары для игровых консолей (старая);Нет;AM18148
AM30806;Аксессуары для консоли Nintendo;Нет;AM18148
AM30807;Игра для консоли Nintendo;Нет;AM18148
AM27454;Игра для стац. консоли Microsoft;Нет;AM18148
AM27455;Игра для стац. консоли Sony;Нет;AM18148
AM27456;Игра для стац. консоли Прочее (старая);Нет;AM18148
AM30804;Игровая консоль Nintendo;Нет;AM18148
AM27446;Игровая консоль стац. Microsoft;Нет;AM18148
AM27447;Игровая консоль стац. Sony;Нет;AM18148
AM18401;Игровой контроллер (старая);Нет;AM18148
AM18286;Игровые консоли стационарные (старая);Нет;AM18148
AM23951;Игрушки, радиоуправляемая техника (старая);Нет;AM18148
AM18559;Игры (старая);Нет;AM18148
AM27453;Игры для прочих консолей;Нет;AM18148
AM30809;Настольная игра Pokemon;Нет;AM18148
EM08109;Ретро (не используем);Нет;AM18148
AM18284;04. Медиаплееры, тюнеры;Да;AM18558
AM21573;Комплект спутникового ТВ (не использовать);Нет;AM18284
AM20269;Комплекты спутникового ТВ (не использовать);Нет;AM18284
AM21570;Стереоочки 3D (не использовать);Нет;AM18284
AM26889;04. Микрокомпьютеры и DIY;Да;AM18558
AM18218;04. Накопители информации, приводы и акссесуары;Да;AM18558
AM18215;Внешний оптический привод;Нет;AM18218
AM18126;04. Проекторы и аксессуары;Да;AM18558
EM01067;04. Садовый и поливочный инвентарь;Да;AM18558
AM24102;05. Аудио-аксессуары;Да;AM18558
EM10181;05. Запчасти сервисных центров;Да;AM18558
AM18167;05. Корпуса, блоки питания;Да;AM18558
AM26308;05. Операторские комплекты;Да;AM18558
AM18323;06. Акустические системы (Колонки, Сабвуферы, Усилители);Да;AM18558
AM21054;z;Нет;AM18323
AM21535;Саундбар (Звуковая панель) (не использовать);Нет;AM18323
AM18333;Саундбары, домашние акустические системы;Нет;AM18323
AM24105;Чехлы для наушников (не использовать);Нет;AM18323
AM18164;06. Монитор;Да;AM18558
AM24247;МониторНеиспользовать;Нет;AM18164
AM24125;07. Автотовары;Да;AM18558
AM18297;05. Автозвук;Да;AM24125
AM18150;Разветвитель автомобильного прикуривателя;Нет;AM18297
AM26354;11. Технические жидкости;Да;AM24125
AM20773;Аксессуары наружные;Да;AM24125
AM24128;!шаблон;Нет;AM24125
AM26373;авто шины;Нет;AM24125
AM26766;Автоантенна;Нет;AM24125
EM03355;Автобокс;Нет;AM24125
AM19345;Автозвук-аксессуары;Нет;AM24125
AM26750;Автомобильная радиостанция;Нет;AM24125
AM26374;Автомобильная шина;Нет;AM24125
AM26715;Автомобильные сабвуферные динамики;Нет;AM24125
AM26767;Автомобильный тент ;Нет;AM24125
AM26752;Автомобильный тепловентилятор;Нет;AM24125
AM26350;Автосвет прочее;Нет;AM24125
AM26753;Автосувенир;Нет;AM24125
AM26754;Автотермометр;Нет;AM24125
AM26717;Адаптер рулевого управления ;Нет;AM24125
EM03356;Аксессуары для креплений;Нет;AM24125
AM26773;Антипробуксовочная лента ;Нет;AM24125
AM26734;Антифриз ;Нет;AM24125
AM26731;Блок обманка ;Нет;AM24125
AM26755;Гаражный датчик парковки;Нет;AM24125
AM26739;Датчик воздействия;Нет;AM24125
AM26740;Замок капота;Нет;AM24125
AM26758;Контроллер светодиодной ленты;Нет;AM24125
EM03104;Крепления на рейлинги;Нет;AM24125
AM26768;Лента стеклоочистителя ;Нет;AM24125
AM26775;Масленка ;Нет;AM24125
AM26760;Модуль увеличения мощности ;Нет;AM24125
AM26738;Модуль управления;Нет;AM24125
AM28521;Насадка на глушитель;Нет;AM24125
AM26733;Неоновая подсветка;Нет;AM24125
EM03826;Огнетушитель;Нет;AM24125
AM26894;Пленка тонировочная;Нет;AM24125
AM26720;Портативный ТВ;Нет;AM24125
AM26744;Приемник GPS;Нет;AM24125
AM26727;Противотуманная фара;Нет;AM24125
AM27944;Светодиодная лента;Нет;AM24125
AM26763;Система контроля давления в шинах ;Нет;AM24125
AM26745;Система охраны GSM;Нет;AM24125
AM26742;Системы оповещения;Нет;AM24125
AM26730;Стоп-сигнал ;Нет;AM24125
AM26355;Технические жидкости;Нет;AM24125
AM26735;Трансмиссионное масло ;Нет;AM24125
AM28675;удалить;Нет;AM24125
AM26784;Холодная сварка;Нет;AM24125
AM29459;Чехлы для колес;Нет;AM24125
AM26764;Чехол для GPS;Нет;AM24125
AM26781;Электрическая лебедка;Нет;AM24125
AM18129;07. Музыкальное оборудование;Да;AM18558
AM26835;07. Осветительное оборудование;Да;AM18558
AM26836;Блок питания светодиодной ленты;Нет;AM26835
AM26837;Контроллер светодиодной ленты;Нет;AM26835
AM26838;Лампа освещения G10;Нет;AM26835
AM26839;Лампа освещения G5.3;Нет;AM26835
AM26840;Лампа освещения Е14;Нет;AM26835
AM26841;Лампа освещения Е27;Нет;AM26835
AM26842;Прожектор;Нет;AM26835
AM26843;Светодиодная лента;Нет;AM26835
AM26844;Светодиодная панель;Нет;AM26835
AM26845;Фонарь не использовать;Нет;AM26835
AM18357;08. Считыватели;Да;AM18558
AM18362;09. Кабельная продукция и коммутационное оборудование;Да;AM18558
AM19389;Витая пара метражом;Нет;AM18362
AM18124;09. Оргтехника;Да;AM18558
AM18276;АТС;Нет;AM18124
AM18411;Копировальный аппарат;Нет;AM18124
AM22162;Крепления для проекторов;Нет;AM18124
AM18316;Телефон системный;Нет;AM18124
AM18314;09. Проекционное, интерактивное оборудование;Да;AM18558
EM10204;09. Расходные материалы для инструмента;Да;AM18558
AM18467;09. Софт;Да;AM18558
AM18366;10. Оптические, магнитные носители, боксы, футляры для CD;Да;AM18558
AM20779;10. Осветительное оборудование;Да;AM18558
AM18373;11. Батарейки, аккумуляторы стандартные, зарядные устройства, фонари;Да;AM18558
AM18267;11. ТЕХНОПОИНТ СДЕЛАЙ САМ (НЕ УДАЛЯТЬ!!!!!!!);Да;AM18558
AM26328;Аксессуары (измерительные);Нет;AM18267
AM26329;Водоустановочные изделия;Нет;AM18267
AM26330;Газовое, жидко- и твердотопливное оборудование;Нет;AM18267
AM26332;Наборы оснастки;Нет;AM18267
AM26834;Наборы оснастки для электроинструмента (биты, сверла, пилки);Нет;AM18267
AM26366;Обувь;Нет;AM18267
AM26367;ошибк;Нет;AM18267
AM26334;Пневматическое оборудование;Нет;AM18267
AM26335;Покрасочное оборудование;Нет;AM18267
AM26336;шаблон;Нет;AM18267
AM18378;12. Чистящие средства;Да;AM18558
AM18229;3. Мобильная электроника;Да;AM18558
AM26977;Бридж - камеры;Нет;AM18229
AM26746;Аксессуары для водителя;Да;AM18558
AM21586;Бытовая химия для БТ;Да;AM18558
AM30948;Капсулы для стирки;Нет;AM21586
AM30950;Кондиционеры и гель для стирки;Нет;AM21586
AM22011;Мебель;Нет;AM21586
AM30951;Порошок, соль и другие средства для посудомоечных машин и стиральных машин;Нет;AM21586
AM20751;Пылесборники для пылесосов не использывать ;Нет;AM21586
AM30952;Средства для плит, духовых шкафов и холодильников;Нет;AM21586
AM30949;Стиральный порошок;Нет;AM21586
AM23954;Таблетки, капсулы для Посудомоечных Машин;Нет;AM21586
EM00295;Инструмент;Да;AM18558
AM26819;03. Ручной инструмент;Да;EM00295
AM26827;05. Покрасочное оборудование;Да;EM00295
EM01627;10. Шаблон;Да;EM00295
AM24361;!Генератор;Нет;EM00295
AM24362;!Рубанок;Нет;EM00295
AM24363;!Тепловая пушка;Нет;EM00295
AM26340;!Электрический инструмент;Нет;EM00295
EM01628;Изотермическая сумка;Нет;EM00295
EM01173;Катушки для шлангов;Нет;EM00295
AM26820;Коврики защитные нарабочее место;Нет;EM00295
AM26804;Колесо измерительное;Нет;EM00295
AM24358;Лазерный дальномер дубль!;Нет;EM00295
AM26807;Лента геодезическая;Нет;EM00295
AM26808;Мультиметр;Нет;EM00295
AM24372;Набор инструментов;Нет;EM00295
AM26826;Наборы пневматического оборудования;Нет;EM00295
AM24116;Оснастка;Нет;EM00295
AM26810;Приемник луча построителей;Нет;EM00295
AM26811;Рейка нивелирная;Нет;EM00295
EM04207;Рейсмусовый станок;Нет;EM00295
AM26337;Садовая техника и поливочный инвентарь;Нет;EM00295
AM26813;Тестер напряжения;Нет;EM00295
AM26816;Уровень;Нет;EM00295
AM26789;Шлифмашина ленточная;Нет;EM00295
AM26797;Шлифмашина эксцентриковая;Нет;EM00295
AM26817;Штатив для геодезического оборудования;Нет;EM00295
AM26798;Электроплиткорез;Нет;EM00295
AM18380;Комплектующие для сборки монитора;Да;AM18558
AM18381;Кабели и шлейфы;Нет;AM18380
AM18382;Корпус монитора;Нет;AM18380
AM18383;Материнская плата монитора;Нет;AM18380
AM18384;Матрица;Нет;AM18380
AM18385;Плата питания монитора;Нет;AM18380
AM21588;Кухонная утварь;Да;AM18558
AM29563;+22;Нет;AM21588
AM18247;не использовать;Да;AM18558
AM18174;Не использовать;Да;AM18247
AM20795;1111;Нет;AM18247
AM27147;Автокомпрессор (не использовать);Нет;AM18247
AM18263;Аккумулятор для мобильных устройств (не использовать);Нет;AM18247
AM18262;Аксессуар;Нет;AM18247
AM27449;Аксессуар для порт. консоли;Нет;AM18247
AM18261;Брелок;Нет;AM18247
AM18309;Держатель для мобильных устройств;Нет;AM18247
AM27448;Игровая консоль стац. Прочее;Нет;AM18247
AM18306;Кабель для мобильных устройств;Нет;AM18247
AM18251;КПК;Нет;AM18247
AM18256;Модуль расширения для планшетов;Нет;AM18247
EM10191;Не использовать 1;Нет;AM18247
EM10193;Не использовать 2;Нет;AM18247
EM10195;Не использовать 3;Нет;AM18247
AM23876;Очки виртуальной реальности и геймерские;Нет;AM18247
AM18305;Перчатки для емкостных экранов;Нет;AM18247
AM18303;Портативный аккумулятор (не использовать);Нет;AM18247
AM18448;Система видеонаблюдения;Нет;AM18247
AM18302;Стилус;Нет;AM18247
AM18301;Фонарь для электронных книг;Нет;AM18247
AM18227;не использовать;Да;AM18558
AM18197;Батарейный блок;Нет;AM18227
AM18196;Бленда;Нет;AM18227
EM03459;Блок питания системного блока (СБОРКА);Нет;AM18227
AM18186;Виброплеер;Нет;AM18227
EM03460;Видеокарта (СБОРКА);Нет;AM18227
EM03466;Жесткий диск (СБОРКА);Нет;AM18227
AM18195;Зарядное устройство для фото/видео камер;Нет;AM18227
AM18194;Защитная крышка для объектива;Нет;AM18227
AM18193;Защитная крышка для экранов фото;Нет;AM18227
AM18192;Конвертер;Нет;AM18227
EM03461;Корпус (СБОРКА);Нет;AM18227
EM03462;Материнская плата (СБОРКА);Нет;AM18227
EM03463;Оперативная память (СБОРКА);Нет;AM18227
AM18190;Пленка защитная для фото камер;Нет;AM18227
AM18239;Подводный бокс для фото/видео камер;Нет;AM18227
AM18184;Портативная аудиосистема;Нет;AM18227
EM03467;Привод/считыватель (СБОРКА);Нет;AM18227
EM03464;Процессор (СБОРКА);Нет;AM18227
AM18237;Пульт ДУ для фотоаппаратов;Нет;AM18227
AM18236;Рассеиватель ;Нет;AM18227
AM18226;Рюкзак для фото/видео камеры;Нет;AM18227
EM03468;Твердотельный накопитель SSD (СБОРКА);Нет;AM18227
EM03465;Устройство для охлаждения и моддинг (СБОРКА);Нет;AM18227
AM18235;Фото пленка;Нет;AM18227
AM18224;Чехол для аудиоплеера;Нет;AM18227
AM18189;Электронный переводчик;Нет;AM18227
AM18938;не использовать Бытовая Техника;Да;AM18558
AM19411;01. КБ Техника для дома и кухни;Да;AM18938
AM19419;03. КБ Климатическое оборудование;Да;AM18938
AM20739;03. КБТ Встраиваемая;Да;AM18938
AM20754;04. Аксессуары для КБТ;Да;AM18938
AM19423;Всесезонная климатическая техника;Да;AM18938
AM20748;Техника для летнего климата;Да;AM18938
AM19086;КБ Встраиваемая техника;Нет;AM18938
AM19089;КБ Климатическое оборудование;Нет;AM18938
AM19087;КБ Техника для дома и кухни;Нет;AM18938
AM19371;МБ Климатическое оборудование;Нет;AM18938
AM19370;МБ Осветительные приборы и источники света;Нет;AM18938
AM19290;МБ Техника для дома;Нет;AM18938
AM19088;МБ Техника для жарки и варки;Нет;AM18938
AM19289;МБ Техника для нарезки и смешивания;Нет;AM18938
AM19090;МБ Товары для красоты и здоровья;Нет;AM18938
AM24441;Пылесос (циклонный);Нет;AM18938
AM23348;Шагомер;Нет;AM18938
AM18231;Переводчики и диктофоны;Да;AM18558
AM18254;Подарочные карты;Да;AM18558
AM18839;2;Да;AM18254
AM19824;Сим-Карта;Нет;AM18254
AM18188;Портативные медиа проигрыватели;Да;AM18558
AM21587;Посуда;Да;AM18558
AM21590;Посуда;Нет;AM21587
AM24364;!Краскораспылитель;Нет;AM18558
AM24359;!Цепная пила;Нет;AM18558
AM18131;AV-ресивер;Нет;AM18558
AM26743;GPS-маяк;Нет;AM18558
AM18534;Hаушники игровые;Нет;AM18558
AM18295;Автосабвуфер;Нет;AM18558
AM18143;Автохрень;Нет;AM18558
AM18454;Адаптер;Нет;AM18558
AM18374;Аккумулятор AA/AAA;Нет;AM18558
AM18390;Аккумулятор для ИБП;Нет;AM18558
AM18205;Аккумулятор для ноутбуков;Нет;AM18558
AM18338;Аксессуар для корпуса;Нет;AM18558
AM19811;Аксессуар для монитора;Нет;AM18558
AM18204;Аксессуар для ноутбука;Нет;AM18558
AM19717;Аксессуары для экшн камер;Нет;AM18558
AM18455;Блок розеток;Нет;AM18558
AM18367;Бокс для CD;Нет;AM18558
AM26737;Брелок сигнализации;Нет;AM18558
AM18339;Вентиляторы охлаждения;Нет;AM18558
AM26786;Виброшлифмашина;Нет;AM18558
AM18283;Видеоплееры портативные;Нет;AM18558
AM18282;Видеорекордер;Нет;AM18558
AM18128;Виниловый проигрыватель;Нет;AM18558
AM18398;Геймпад(не_исп);Нет;AM18558
EM67442;Демо-юниты игровые кресла;Нет;AM18558
AM18400;Джойстик;Нет;AM18558
AM18214;Дисковод;Нет;AM18558
AM18213;Док-станция для HDD;Нет;AM18558
AM18280;Домашняя аудиосистема;Нет;AM18558
AM18211;Жесткий диск мобильный;Нет;AM18558
AM18329;Звуковой проектор (Звуковая панель);Нет;AM18558
AM30808;Игра для стац. консоли Simba's и прочее;Нет;AM18558
AM30805;Игровая консоль стац. Simba's и прочее;Нет;AM18558
AM18133;Игровой контроллер для игровых приставок;Нет;AM18558
AM22008;Игровой контроллер(не исп!);Нет;AM18558
AM26741;Иммобилайзер;Нет;AM18558
EM00294;Инструмент;Нет;AM18558
AM18358;Инструмент для работы с витой парой;Нет;AM18558
AM18313;Интерактивная доска;Нет;AM18558
AM18312;Интерактивное оборудование;Нет;AM18558
AM18142;Кабель автоакустический;Нет;AM18558
AM18332;Кабель антенный;Нет;AM18558
AM18153;Камера заднего вида;Нет;AM18558
AM18127;Клавиатура MIDI;Нет;AM18558
AM18403;Клавиатура+мышь;Нет;AM18558
AM18322;Колонки;Нет;AM18558
AM18549;Колонки 2.0 пластик;Нет;AM18558
AM27198;Коммутационное оборудование (Партнер);Нет;AM18558
AM18331;Комплект спутникового ТВ;Нет;AM18558
AM28597;Комплектующие к сигнализации;Нет;AM18558
AM18294;Конденсатор;Нет;AM18558
AM18203;Контроллер для ноутбука;Нет;AM18558
AM26828;Краскораспылитель пневматический;Нет;AM18558
AM18342;Крепление кулера;Нет;AM18558
AM18343;Лампа подсветки;Нет;AM18558
AM18311;Лампы для проектора;Нет;AM18558
EM10843;Ленточная пила;Нет;AM18558
AM18368;Ленточный накопитель;Нет;AM18558
AM18439;Медиаконвертеры;Нет;AM18558
AM18328;Медиаплеер стационарный (не использовать);Нет;AM18558
AM18440;Межсетевой экран;Нет;AM18558
AM18147;Метеостанция;Нет;AM18558
AM26869;Микрокомпьютер_не использовать;Нет;AM18558
AM26870;Микрокомпьютер_не использовать;Нет;AM18558
AM18344;Моддинг;Нет;AM18558
AM18441;Модем;Нет;AM18558
AM18456;Модуль расширения (Серверное);Нет;AM18558
AM18285;Модуль расширения для игровых приставок;Нет;AM18558
AM18139;Модуль расширения для ТВ/Видео;Нет;AM18558
AM18409;МФУ  - не исрользовать;Нет;AM18558
AM18360;Набор инструментов;Нет;AM18558
AM18175;Набор компьютер+монитор+kb+m (акция);Нет;AM18558
EM50414;Непрофильные товары;Нет;AM18558
AM18547;Нетбуки;Нет;AM18558
AM18457;Оборудование для СКС начального уровня;Нет;AM18558
AM18170;Оперативная память мобильная;Нет;AM18558
AM18370;Оптический носитель;Нет;AM18558
AM18414;Остальное (КМ);Нет;AM18558
AM18445;Панель;Нет;AM18558
AM18418;Печатающая техника;Нет;AM18558
AM18340;Платы расширения;Нет;AM18558
AM18141;Портативный ТВ;Нет;AM18558
AM18371;Портмоне;Нет;AM18558
AM18468;Предоплаченная карта;Нет;AM18558
AM18151;Приемник GPS;Нет;AM18558
AM18410;Принтер -не использовать;Нет;AM18558
EM07007;Программное обеспечение - Электронные ключи;Нет;AM18558
AM18137;Пульт ДУ;Нет;AM18558
AM18138;Пульт ДУ для ТВ/Видео;Нет;AM18558
AM18269;Пульт ДУ для экранов;Нет;AM18558
AM18146;Радиостанция;Нет;AM18558
AM18298;Радиоуправляемая игрушка;Нет;AM18558
AM18346;Регулятор скорости вращения вентиляторов;Нет;AM18558
AM18347;Решетка;Нет;AM18558
AM18406;Руль;Нет;AM18558
AM18201;Рюкзак для ноутбука;Нет;AM18558
AM18321;Сабвуфер;Нет;AM18558
AM18169;Салазки к HDD;Нет;AM18558
AM18459;Серверная мат. плата;Нет;AM18558
AM18460;Серверная память;Нет;AM18558
AM18461;Серверная платформа;Нет;AM18558
AM18462;Серверный аксессуар;Нет;AM18558
AM18463;Серверный корпус;Нет;AM18558
AM18464;Серверный процессор;Нет;AM18558
AM18465;Сервисный контракт;Нет;AM18558
AM18449;Сетевое оборудование;Нет;AM18558
AM18279;Синтезаторы, MIDI-клавиатуры, Виниловые проигрыватели;Нет;AM18558
AM18348;Системы жидкостного охлаждения;Нет;AM18558
EM09323;Списанный чехол;Нет;AM18558
AM29566;Стабилизатор напряжения;Нет;AM18558
AM18365;Стяжки для монтажа;Нет;AM18558
AM18125;Телефон проводной;Нет;AM18558
AM18349;Термоклей;Нет;AM18558
AM18350;Термопаста;Нет;AM18558
AM18425;Термопленка;Нет;AM18558
AM18426;Тонер;Нет;AM18558
AM18407;Трекбол;Нет;AM18558
AM18159;Трос безопасности для ноутбука;Нет;AM18558
AM18327;Тюнер цифрового телевидения (не использовать);Нет;AM18558
AM18320;Усилитель;Нет;AM18558
AM18293;Усилитель аудио для авто;Нет;AM18558
AM18288;Усилитель ТВ сигнала;Нет;AM18558
AM18140;Установочный комплект, кабель;Нет;AM18558
AM18352;Устройство для охлаждения видеокарты;Нет;AM18558
AM18353;Устройство для охлаждения жесткого диска;Нет;AM18558
AM18354;Устройство для охлаждения памяти;Нет;AM18558
AM18356;Устройство для охлаждения чипсета;Нет;AM18558
AM24831;Фильмы;Нет;AM18558
AM18427;Фотобарабан;Нет;AM18558
AM18372;Футляр для CD;Нет;AM18558
AM18145;Часы;Нет;AM18558
AM18149;Чехол для GPS;Нет;AM18558
AM18361;Чехол для жесткого диска;Нет;AM18558
AM18132;Чехол для игровых консолей;Нет;AM18558
AM18158;Чехол для ноутбука;Нет;AM18558
AM18466;Шкаф;Нет;AM18558
EM44985;Шлифовальная насадка по бетону;Нет;AM18558
AM18452;Шлюз;Нет;AM18558
EM10810;Щетка для шлифмашин;Нет;AM18558
